{
  "_fv": 3,
  "_type": "block",
  "definition": {
    "texture": "bottom",
    "textureTop": "top",
    "textureLeft": "side",
    "textureFront": "side",
    "textureRight": "side",
    "textureBack": "side",
    "renderType": 10,
    "customModelName": "Normal",
    "rotationMode": 0,
    "hasTransparency": false,
    "transparencyType": "SOLID",
    "mx": 0.0,
    "my": 0.0,
    "mz": 0.0,
    "Mx": 1.0,
    "My": 1.0,
    "Mz": 1.0,
    "name": "Fusion Table",
    "specialInfo": [],
    "hardness": 2.0,
    "resistance": 5.0,
    "hasGravity": false,
    "creativeTab": {
      "value": "DECORATIONS"
    },
    "destroyTool": "pickaxe",
    "affectedBySilkTouch": true,
    "hasCustomDrop": true,
    "customDrop": {
      "value": "CUSTOM:RedIron"
    },
    "dropAmount": 2,
    "isBeaconBase": false,
    "enchantPowerBonus": 0.0,
    "plantsGrowOn": false,
    "canProvidePower": false,
    "lightOpacity": 0,
    "material": {
      "value": "IRON"
    },
    "tickRate": 10,
    "isNotColidable": false,
    "soundOnStep": {
      "value": "METAL"
    },
    "luminance": 0.0,
    "unbreakable": false,
    "breakHarvestLevel": 3,
    "spawnParticles": false,
    "particleToSpawn": {
      "value": "EXPLOSION_NORMAL"
    },
    "particleSpawningShape": "Spread",
    "particleSpawningRadious": 0.5,
    "particleAmount": 4,
    "particleSpawningCondition": "ALWAYS",
    "hasInventory": true,
    "inventorySize": 3,
    "inventoryStackSize": 64,
    "inventoryDropWhenDestroyed": true,
    "inventoryComparatorPower": true,
    "inventoryOutSlotIDs": [],
    "onRightClicked": {
      "name": "OpenFusionUI"
    },
    "spawnWorldTypes": [],
    "restricPerBiome": false,
    "restrictionBiomes": [],
    "blocksToReplace": [
      {
        "value": "Blocks.STONE"
      }
    ],
    "frequencyPerChunks": 10,
    "frequencyOnChunk": 16,
    "minGenerateHeight": 10,
    "maxGenerateHeight": 110
  }
}