{
  "_fv": 3,
  "_type": "recipe",
  "definition": {
    "recipeRetstackSize": 1,
    "recipeShapeless": false,
    "recipeReturnStack": {
      "value": "CUSTOM:RedIron"
    },
    "recipeSlots": [
      {
        "value": ""
      },
      {
        "value": "Blocks.REDSTONE_BLOCK"
      },
      {
        "value": ""
      },
      {
        "value": "Items.REDSTONE"
      },
      {
        "value": "Blocks.IRON_BLOCK"
      },
      {
        "value": "Items.REDSTONE"
      },
      {
        "value": ""
      },
      {
        "value": "Blocks.REDSTONE_BLOCK"
      },
      {
        "value": ""
      }
    ],
    "smeltingInputStack": {
      "value": ""
    },
    "smeltingReturnStack": {
      "value": ""
    },
    "smeltingXPReward": 1.0,
    "smeltingRetstackSize": 1
  }
}