{
  "group": "fusion_table",
  "type": "minecraft:crafting_shaped",
  "pattern": [
    " 1 ",
    "345",
    "678"
  ],
  "key": {
    "1": {
      "item": "minecraft:stone_pressure_plate"
    },
    "3": {
      "item": "minecraft:tnt"
    },
    "4": {
      "item": "fusion_table:rediron"
    },
    "5": {
      "item": "minecraft:tnt"
    },
    "6": {
      "item": "minecraft:redstone_block"
    },
    "7": {
      "item": "fusion_table:rediron"
    },
    "8": {
      "item": "minecraft:redstone_block"
    }
  },
  "result": {
    "item": "fusion_table:fusiontable",
    "count": 1
  }
}